BEGIN TRANSACTION;
INSERT INTO "django_migrations" ("id","app","name","applied") VALUES (1,'contenttypes','0001_initial','2022-01-25 06:36:46.939844');
INSERT INTO "django_migrations" ("id","app","name","applied") VALUES (2,'auth','0001_initial','2022-01-25 06:36:46.969335');
INSERT INTO "django_migrations" ("id","app","name","applied") VALUES (3,'admin','0001_initial','2022-01-25 06:36:47.015925');
INSERT INTO "django_migrations" ("id","app","name","applied") VALUES (4,'admin','0002_logentry_remove_auto_add','2022-01-25 06:36:47.044807');
INSERT INTO "django_migrations" ("id","app","name","applied") VALUES (5,'admin','0003_logentry_add_action_flag_choices','2022-01-25 06:36:47.064555');
INSERT INTO "django_migrations" ("id","app","name","applied") VALUES (6,'contenttypes','0002_remove_content_type_name','2022-01-25 06:36:47.097589');
INSERT INTO "django_migrations" ("id","app","name","applied") VALUES (7,'auth','0002_alter_permission_name_max_length','2022-01-25 06:36:47.117743');
INSERT INTO "django_migrations" ("id","app","name","applied") VALUES (8,'auth','0003_alter_user_email_max_length','2022-01-25 06:36:47.141807');
INSERT INTO "django_migrations" ("id","app","name","applied") VALUES (9,'auth','0004_alter_user_username_opts','2022-01-25 06:36:47.155530');
INSERT INTO "django_migrations" ("id","app","name","applied") VALUES (10,'auth','0005_alter_user_last_login_null','2022-01-25 06:36:47.172937');
INSERT INTO "django_migrations" ("id","app","name","applied") VALUES (11,'auth','0006_require_contenttypes_0002','2022-01-25 06:36:47.178090');
INSERT INTO "django_migrations" ("id","app","name","applied") VALUES (12,'auth','0007_alter_validators_add_error_messages','2022-01-25 06:36:47.198255');
INSERT INTO "django_migrations" ("id","app","name","applied") VALUES (13,'auth','0008_alter_user_username_max_length','2022-01-25 06:36:47.218410');
INSERT INTO "django_migrations" ("id","app","name","applied") VALUES (14,'auth','0009_alter_user_last_name_max_length','2022-01-25 06:36:47.241660');
INSERT INTO "django_migrations" ("id","app","name","applied") VALUES (15,'auth','0010_alter_group_name_max_length','2022-01-25 06:36:47.267391');
INSERT INTO "django_migrations" ("id","app","name","applied") VALUES (16,'auth','0011_update_proxy_permissions','2022-01-25 06:36:47.285619');
INSERT INTO "django_migrations" ("id","app","name","applied") VALUES (17,'auth','0012_alter_user_first_name_max_length','2022-01-25 06:36:47.307612');
INSERT INTO "django_migrations" ("id","app","name","applied") VALUES (18,'polls','0001_initial','2022-01-25 06:36:47.321782');
INSERT INTO "django_migrations" ("id","app","name","applied") VALUES (19,'sessions','0001_initial','2022-01-25 06:36:47.338760');
INSERT INTO "django_migrations" ("id","app","name","applied") VALUES (20,'polls','0002_rename_choices_choice','2022-01-25 06:47:25.308985');
INSERT INTO "django_migrations" ("id","app","name","applied") VALUES (21,'polls','0003_alter_question_pub_date','2022-02-01 16:39:07.143570');
INSERT INTO "django_admin_log" ("id","action_time","object_id","object_repr","change_message","content_type_id","user_id","action_flag") VALUES (1,'2022-02-01 16:36:36.947418','4','¿Quién es el mejor Course Director de Platzi?','[{"added": {}}]',1,1,1);
INSERT INTO "django_admin_log" ("id","action_time","object_id","object_repr","change_message","content_type_id","user_id","action_flag") VALUES (2,'2022-02-03 20:20:53.692643','5','¿Quién es el mejor fouder de Platzi?','[{"added": {}}, {"added": {"name": "choice", "object": "Freddy Vega"}}, {"added": {"name": "choice", "object": "Christian Van Der Henst"}}]',1,1,1);
INSERT INTO "django_admin_log" ("id","action_time","object_id","object_repr","change_message","content_type_id","user_id","action_flag") VALUES (3,'2022-02-15 15:39:33.709185','5','¿Qué lenguaje te gusta para trabajar como Backend Developer?','[{"changed": {"fields": ["Question text"]}}, {"added": {"name": "choice", "object": "Java"}}, {"added": {"name": "choice", "object": "Go"}}, {"added": {"name": "choice", "object": "Php"}}, {"changed": {"name": "choice", "object": "JavaScript", "fields": ["Choice text"]}}, {"changed": {"name": "choice", "object": "Python", "fields": ["Choice text"]}}]',1,1,2);
INSERT INTO "django_admin_log" ("id","action_time","object_id","object_repr","change_message","content_type_id","user_id","action_flag") VALUES (4,'2022-02-15 15:42:54.993435','4','¿Cuál fue el primer lenguaje que aprendiste en tu camino como Ingeniero de Software?','[{"changed": {"fields": ["Question text"]}}, {"added": {"name": "choice", "object": "JavaScript"}}, {"added": {"name": "choice", "object": "Python"}}, {"added": {"name": "choice", "object": "C/C++"}}, {"added": {"name": "choice", "object": "Java"}}, {"added": {"name": "choice", "object": "Php"}}, {"added": {"name": "choice", "object": "Pascal"}}, {"added": {"name": "choice", "object": "C#"}}, {"added": {"name": "choice", "object": "Otro"}}]',1,1,2);
INSERT INTO "django_admin_log" ("id","action_time","object_id","object_repr","change_message","content_type_id","user_id","action_flag") VALUES (5,'2022-02-15 15:44:39.987924','3','¿En qué lugar te empezaron a enseñar a programar?','[{"changed": {"fields": ["Question text"]}}, {"added": {"name": "choice", "object": "Universidad/Colegio"}}, {"added": {"name": "choice", "object": "Cuenta propia"}}]',1,1,2);
INSERT INTO "django_admin_log" ("id","action_time","object_id","object_repr","change_message","content_type_id","user_id","action_flag") VALUES (6,'2022-02-15 15:50:25.110008','2','¿Cuánto tiempo te tomó aprender a trabajar con Arreglos, Funciones y Estructuras de Control?','[{"changed": {"fields": ["Question text"]}}, {"added": {"name": "choice", "object": "Menos seis meses"}}, {"added": {"name": "choice", "object": "Un a\u00f1o"}}, {"added": {"name": "choice", "object": "M\u00e1s de un a\u00f1o"}}]',1,1,2);
INSERT INTO "django_admin_log" ("id","action_time","object_id","object_repr","change_message","content_type_id","user_id","action_flag") VALUES (7,'2022-02-15 15:50:34.381804','1','¿Cual es el mejor curso de Platzi?','',1,1,3);
INSERT INTO "django_admin_log" ("id","action_time","object_id","object_repr","change_message","content_type_id","user_id","action_flag") VALUES (8,'2022-02-15 16:55:35.156634','2','¿Cuánto tiempo te tomó aprender a trabajar con Arreglos, Funciones y Estructuras de Control?','[{"changed": {"name": "choice", "object": "Menos de seis meses", "fields": ["Choice text"]}}]',1,1,2);
INSERT INTO "django_content_type" ("id","app_label","model") VALUES (1,'polls','question');
INSERT INTO "django_content_type" ("id","app_label","model") VALUES (2,'polls','choice');
INSERT INTO "django_content_type" ("id","app_label","model") VALUES (3,'admin','logentry');
INSERT INTO "django_content_type" ("id","app_label","model") VALUES (4,'auth','permission');
INSERT INTO "django_content_type" ("id","app_label","model") VALUES (5,'auth','group');
INSERT INTO "django_content_type" ("id","app_label","model") VALUES (6,'auth','user');
INSERT INTO "django_content_type" ("id","app_label","model") VALUES (7,'contenttypes','contenttype');
INSERT INTO "django_content_type" ("id","app_label","model") VALUES (8,'sessions','session');
INSERT INTO "auth_permission" ("id","content_type_id","codename","name") VALUES (1,1,'add_question','Can add question');
INSERT INTO "auth_permission" ("id","content_type_id","codename","name") VALUES (2,1,'change_question','Can change question');
INSERT INTO "auth_permission" ("id","content_type_id","codename","name") VALUES (3,1,'delete_question','Can delete question');
INSERT INTO "auth_permission" ("id","content_type_id","codename","name") VALUES (4,1,'view_question','Can view question');
INSERT INTO "auth_permission" ("id","content_type_id","codename","name") VALUES (5,2,'add_choices','Can add choices');
INSERT INTO "auth_permission" ("id","content_type_id","codename","name") VALUES (6,2,'change_choices','Can change choices');
INSERT INTO "auth_permission" ("id","content_type_id","codename","name") VALUES (7,2,'delete_choices','Can delete choices');
INSERT INTO "auth_permission" ("id","content_type_id","codename","name") VALUES (8,2,'view_choices','Can view choices');
INSERT INTO "auth_permission" ("id","content_type_id","codename","name") VALUES (9,3,'add_logentry','Can add log entry');
INSERT INTO "auth_permission" ("id","content_type_id","codename","name") VALUES (10,3,'change_logentry','Can change log entry');
INSERT INTO "auth_permission" ("id","content_type_id","codename","name") VALUES (11,3,'delete_logentry','Can delete log entry');
INSERT INTO "auth_permission" ("id","content_type_id","codename","name") VALUES (12,3,'view_logentry','Can view log entry');
INSERT INTO "auth_permission" ("id","content_type_id","codename","name") VALUES (13,4,'add_permission','Can add permission');
INSERT INTO "auth_permission" ("id","content_type_id","codename","name") VALUES (14,4,'change_permission','Can change permission');
INSERT INTO "auth_permission" ("id","content_type_id","codename","name") VALUES (15,4,'delete_permission','Can delete permission');
INSERT INTO "auth_permission" ("id","content_type_id","codename","name") VALUES (16,4,'view_permission','Can view permission');
INSERT INTO "auth_permission" ("id","content_type_id","codename","name") VALUES (17,5,'add_group','Can add group');
INSERT INTO "auth_permission" ("id","content_type_id","codename","name") VALUES (18,5,'change_group','Can change group');
INSERT INTO "auth_permission" ("id","content_type_id","codename","name") VALUES (19,5,'delete_group','Can delete group');
INSERT INTO "auth_permission" ("id","content_type_id","codename","name") VALUES (20,5,'view_group','Can view group');
INSERT INTO "auth_permission" ("id","content_type_id","codename","name") VALUES (21,6,'add_user','Can add user');
INSERT INTO "auth_permission" ("id","content_type_id","codename","name") VALUES (22,6,'change_user','Can change user');
INSERT INTO "auth_permission" ("id","content_type_id","codename","name") VALUES (23,6,'delete_user','Can delete user');
INSERT INTO "auth_permission" ("id","content_type_id","codename","name") VALUES (24,6,'view_user','Can view user');
INSERT INTO "auth_permission" ("id","content_type_id","codename","name") VALUES (25,7,'add_contenttype','Can add content type');
INSERT INTO "auth_permission" ("id","content_type_id","codename","name") VALUES (26,7,'change_contenttype','Can change content type');
INSERT INTO "auth_permission" ("id","content_type_id","codename","name") VALUES (27,7,'delete_contenttype','Can delete content type');
INSERT INTO "auth_permission" ("id","content_type_id","codename","name") VALUES (28,7,'view_contenttype','Can view content type');
INSERT INTO "auth_permission" ("id","content_type_id","codename","name") VALUES (29,8,'add_session','Can add session');
INSERT INTO "auth_permission" ("id","content_type_id","codename","name") VALUES (30,8,'change_session','Can change session');
INSERT INTO "auth_permission" ("id","content_type_id","codename","name") VALUES (31,8,'delete_session','Can delete session');
INSERT INTO "auth_permission" ("id","content_type_id","codename","name") VALUES (32,8,'view_session','Can view session');
INSERT INTO "auth_permission" ("id","content_type_id","codename","name") VALUES (33,2,'add_choice','Can add choice');
INSERT INTO "auth_permission" ("id","content_type_id","codename","name") VALUES (34,2,'change_choice','Can change choice');
INSERT INTO "auth_permission" ("id","content_type_id","codename","name") VALUES (35,2,'delete_choice','Can delete choice');
INSERT INTO "auth_permission" ("id","content_type_id","codename","name") VALUES (36,2,'view_choice','Can view choice');
INSERT INTO "auth_user" ("id","password","last_login","is_superuser","username","last_name","email","is_staff","is_active","date_joined","first_name") VALUES (1,'pbkdf2_sha256$320000$nZQxYhROORLi1VbOsiUG20$WsxHb2dQbjzTa7DCtSBfV0g2w4S0ADioz7vBOI7iYdg=','2022-02-15 16:55:05.206347',1,'perezgarridogilb','','Betho6990@gmail.com',1,1,'2022-01-26 09:03:00.975538','');
INSERT INTO "polls_choice" ("id","choice_text","votes","question_id") VALUES (4,'JavaScript',1,5);
INSERT INTO "polls_choice" ("id","choice_text","votes","question_id") VALUES (5,'Python',1,5);
INSERT INTO "polls_choice" ("id","choice_text","votes","question_id") VALUES (6,'Java',0,5);
INSERT INTO "polls_choice" ("id","choice_text","votes","question_id") VALUES (7,'Go',0,5);
INSERT INTO "polls_choice" ("id","choice_text","votes","question_id") VALUES (8,'Php',0,5);
INSERT INTO "polls_choice" ("id","choice_text","votes","question_id") VALUES (9,'JavaScript',0,4);
INSERT INTO "polls_choice" ("id","choice_text","votes","question_id") VALUES (10,'Python',0,4);
INSERT INTO "polls_choice" ("id","choice_text","votes","question_id") VALUES (11,'C/C++',0,4);
INSERT INTO "polls_choice" ("id","choice_text","votes","question_id") VALUES (12,'Java',0,4);
INSERT INTO "polls_choice" ("id","choice_text","votes","question_id") VALUES (13,'Php',0,4);
INSERT INTO "polls_choice" ("id","choice_text","votes","question_id") VALUES (14,'Pascal',0,4);
INSERT INTO "polls_choice" ("id","choice_text","votes","question_id") VALUES (15,'C#',0,4);
INSERT INTO "polls_choice" ("id","choice_text","votes","question_id") VALUES (16,'Otro',0,4);
INSERT INTO "polls_choice" ("id","choice_text","votes","question_id") VALUES (17,'Universidad/Colegio',0,3);
INSERT INTO "polls_choice" ("id","choice_text","votes","question_id") VALUES (18,'Cuenta propia',0,3);
INSERT INTO "polls_choice" ("id","choice_text","votes","question_id") VALUES (19,'Menos de seis meses',0,2);
INSERT INTO "polls_choice" ("id","choice_text","votes","question_id") VALUES (20,'Un año',1,2);
INSERT INTO "polls_choice" ("id","choice_text","votes","question_id") VALUES (21,'Más de un año',0,2);
INSERT INTO "django_session" ("session_key","session_data","expire_date") VALUES ('sz2nfy9j1ki4x013uczysbai3kg46rrn','.eJxVjEEOwiAQRe_C2hCGAi0u3fcMzcww2KqBpLQr491Nky50-997_60m3Ld52pus05LUVYG6_G6E_JRygPTAcq-aa9nWhfSh6JM2PdYkr9vp_h3M2OajhsEhd4kgiURrBAfuTY7Zug566jhkCeRM72P2FAIwOLQOnCEfrGf1-QL26zfC:1nCuyt:fpBInB4lugWcj1uJpWl0gB7_nZ40v9euFxoxFNzSzqw','2022-02-10 02:57:51.975906');
INSERT INTO "django_session" ("session_key","session_data","expire_date") VALUES ('wdjnh9d7lr2wvcm3rjppgm5huzy9q0pl','.eJxVjEEOwiAQRe_C2hCGAi0u3fcMzcww2KqBpLQr491Nky50-997_60m3Ld52pus05LUVYG6_G6E_JRygPTAcq-aa9nWhfSh6JM2PdYkr9vp_h3M2OajhsEhd4kgiURrBAfuTY7Zug566jhkCeRM72P2FAIwOLQOnCEfrGf1-QL26zfC:1nJzsT:cSphP_71mMAZdwHq_Bfg8HZ0d4zv_s9l-eLvtXXAUh0','2022-03-01 15:36:29.956258');
INSERT INTO "django_session" ("session_key","session_data","expire_date") VALUES ('vcedty662y0mnn7yf5kyw2lrnweozv33','.eJxVjEEOwiAQRe_C2hCGAi0u3fcMzcww2KqBpLQr491Nky50-997_60m3Ld52pus05LUVYG6_G6E_JRygPTAcq-aa9nWhfSh6JM2PdYkr9vp_h3M2OajhsEhd4kgiURrBAfuTY7Zug566jhkCeRM72P2FAIwOLQOnCEfrGf1-QL26zfC:1nK16X:CrOSuDA-xapNPinFWYetRALuQSz-kwrOq-DzwsEuuZQ','2022-03-01 16:55:05.209411');
INSERT INTO "polls_question" ("id","question_text","pub_date") VALUES (2,'¿Cuánto tiempo te tomó aprender a trabajar con Arreglos, Funciones y Estructuras de Control?','2022-01-26 00:00:00');
INSERT INTO "polls_question" ("id","question_text","pub_date") VALUES (3,'¿En qué lugar te empezaron a enseñar a programar?','2022-01-26 00:00:00');
INSERT INTO "polls_question" ("id","question_text","pub_date") VALUES (4,'¿Cuál fue el primer lenguaje que aprendiste en tu camino como Ingeniero de Software?','2024-02-01 06:00:00');
INSERT INTO "polls_question" ("id","question_text","pub_date") VALUES (5,'¿Qué lenguaje te gusta para trabajar como Backend Developer?','2022-02-03 20:19:36');
INSERT INTO "polls_question" ("id","question_text","pub_date") VALUES (6,'','');
COMMIT;
